client_id,cate_raw,cate_eff,rfm_segment
56473e1e15,0.45143032,0.123556478584,454
6d6ee4162b,0.39957798,0.109364493126,551
06d9c54cb9,0.37763643,0.10335909089100001,552
2f00029c04,0.37187582,0.101782411934,211
3890f5ddbb,0.3699133,0.10124527021,151
75eb3fc958,0.3684173,0.10083581501,154
37dbc81fb3,0.3540125,0.09689322125000001,211
3e3b9fa96e,0.35261258,0.096510063146,531
953d4c601f,0.35259703,0.096505807111,153
8e3108a49e,0.35092062,0.096046973694,542
8947087906,0.3501081,0.09582458697,211
83d74a20ad,0.34202483,0.093612195971,344
7748afc1ba,0.34043354,0.09317665989799999,344
28145f61ee,0.3396238,0.09295503406,441
1f9b8e8f7a,0.3367967,0.09218125679,211
742e8d60de,0.3349591,0.09167830567,341
7ed3ee9d7e,0.33391407,0.091392280959,422
301a240dd0,0.33122322,0.09065579531399999,542
fc549926e7,0.33072546,0.090519558402,211
eda0dd41e4,0.33056805,0.090476475285,543
d199d85e73,0.3302071,0.09037768327,144
247cadbab3,0.32667756,0.089411648172,211
889391614a,0.32361275,0.088572809675,211
072a53c6ae,0.32302275,0.08841132667500001,111
3c6e95f354,0.32117915,0.087906733355,541
471617e5cc,0.31028563,0.08492517693099999,254
9474abbbd0,0.30992347,0.084826053739,155
bb19443479,0.30988237,0.084814804669,111
119deb0144,0.3082103,0.08435715911,441
8e1f24f8b4,0.30770987,0.084220191419,354
9fd4155c43,0.3068924,0.08399644988,331
6b9b22c6fa,0.30570513,0.083671494081,153
3327d47756,0.30447048,0.08333357037599999,231
f99505e962,0.30365977,0.08311167904899999,153
425cc70399,0.30223733,0.082722357221,414
9ad22c1b28,0.3018997,0.08262994789,211
b2d331c313,0.29950136,0.081973522232,211
ac3e3af2b5,0.29735273,0.081385442201,152
6bda463e9f,0.296009,0.0810176633,454
890191381b,0.2928456,0.08015184071999999,211
7985044d8f,0.28698474,0.078547723338,412
1c99a19a35,0.2868034,0.07849809058,111
e456f866f8,0.28448942,0.077864754254,111
fc2a853e0f,0.2840771,0.07775190227,211
94dcec0568,0.28371486,0.077652757182,414
74ffaa5cdb,0.28274906,0.077388417722,211
287a6f6ada,0.28094465,0.07689455070500001,543
4e681088b1,0.28064203,0.076811723611,532
6a5181baf8,0.2806378,0.07681056586,225
213e65c626,0.28001186,0.076639246082,143
16d080daf8,0.27971822,0.076558876814,325
e7382f5386,0.27945548,0.076486964876,111
ded040feca,0.27930737,0.076446427169,413
06667f819b,0.27928168,0.076439395816,452
c9a8e6d13a,0.27906168,0.076379181816,155
5d9bff9453,0.27838695,0.07619450821500001,134
90a2c2ebd3,0.27745152,0.075938481024,153
3bc12c6bc9,0.27706552,0.075832832824,211
2752910b42,0.27625084,0.075609854908,211
136d247c08,0.27615494,0.075583607078,211
bed7fc0c7c,0.27445877,0.075119365349,211
5779a5de8d,0.2743654,0.07509380998,225
adfcbcdde2,0.2735057,0.07485851009000001,111
f8150d883b,0.27309248,0.07474541177600001,111
50a201f64c,0.27229238,0.074526424406,211
8fdbe54ba4,0.2714255,0.07428915935,225
f278b253ec,0.27125913,0.074243623881,425
28a2512e88,0.27112073,0.074205743801,211
de9186a191,0.27094793,0.074158448441,211
b44f25a55b,0.270539,0.07404652429999999,211
d245fadf09,0.26943287,0.07374377651899999,111
9072c18247,0.26937246,0.07372724230199999,411
d6c21799a4,0.26895052,0.07361175732400001,442
1ffc9d3ffc,0.26853698,0.073498571426,541
cb5a36f1ff,0.2682464,0.07341903967999999,342
d0450bf344,0.267604,0.0732432148,145
c4d9781dcc,0.2674314,0.07319597418,221
c5e63fa564,0.26703647,0.073087881839,153
b55c7435f3,0.26696992,0.07306966710400001,221
af0a96e979,0.26639494,0.07291229507800001,111
d67281e1e8,0.26639026,0.07291101416199999,111
7f2339defb,0.26634562,0.072898796194,155
cda3aa8296,0.2662593,0.07287517041,551
3e71ded4b4,0.26617396,0.072851812852,111
b68547f108,0.26616818,0.072850230866,411
1d5fba6d57,0.2658986,0.07277644682,351
dfcd6fd94e,0.2644428,0.07237799435999999,111
b2ec866fe4,0.26352456,0.072126672072,242
8bdada02fe,0.26337656,0.07208616447199999,311
ab6e24662b,0.2631055,0.07201197535,253
5e91e2986d,0.26244625,0.071831538625,154
1f35f14032,0.261784,0.07165028080000001,111
018eab4dfe,0.26166356,0.071617316372,225
ebab187024,0.26141605,0.07154957288500001,521
4ed9e2a3b7,0.260948,0.0714214676,211
e2ed3359b2,0.2608504,0.07139475447999999,421
2f311332d3,0.2606488,0.07133957656,414
e75a6d40b1,0.26056713,0.07131722348099999,445
6588b2e52a,0.26050282,0.071299621834,411
bcd4a8b640,0.26038456,0.07126725407199999,154
cc7f7ac434,0.2596535,0.07106716295,235
e23378f393,0.25896466,0.070878627442,541
b88204e2b3,0.25857422,0.07077176401400001,121
d92e46e8a0,0.25718585,0.07039176714499999,111
f00bcdf847,0.25703913,0.070351609881,111
0dc8bc4ca1,0.25678277,0.07028144414899999,211
d7beb85bc9,0.256068,0.0700858116,211
1097750e47,0.25575176,0.069999256712,411
7ee4b1f2ce,0.2556948,0.06998366676,322
fb35b610c4,0.25461495,0.069688111815,211
230494b193,0.25445756,0.069645034172,413
91e90b1652,0.2543733,0.06962197221000001,155
b51bcd858b,0.25435442,0.069616804754,432
6e234b4ec7,0.2543504,0.06961570448,332
e195dd98bd,0.25375623,0.069453080151,255
fd51a9f15d,0.25316662,0.06929170389400001,211
bda5308300,0.2528441,0.06920343017000001,111
a27d6add8e,0.2528372,0.06920154163999999,431
73ced71443,0.2525312,0.06911778944000001,221
a9707591df,0.25250018,0.069109299266,334
86ae92d556,0.25238177,0.069076890449,121
1c2587a771,0.25204334,0.068984262158,221
b0bae4a459,0.25192145,0.068950900865,411
52d946388e,0.25185668,0.068933173316,414
e80c181d04,0.2510199,0.06870414663,211
25ed3eb60d,0.25097296,0.06869129915200001,325
f4e160da8d,0.2507644,0.06863421628,211
138ab9940b,0.25046477,0.068552207549,511
7f01131b8c,0.25005218,0.06843928166600001,211
cf1c1526c7,0.24987611,0.06839109130700001,511
9cc51da2c6,0.24933115,0.068241935755,421
22d6ab2f00,0.24878517,0.068092501029,152
6a801e357a,0.24864751,0.068054823487,311
f80ceb352b,0.24836828,0.06797839823599999,111
294181beaf,0.2481209,0.06791069033,311
f09a6719e3,0.24795276,0.06786467041199999,211
9d7edf3671,0.2478667,0.06784111579,154
37070d09ed,0.24774218,0.06780703466600001,223
d3613d34fc,0.24730602,0.06768765767399999,511
f969c856bf,0.24716121,0.067648023177,412
74cbb66eb2,0.24691434,0.067580454858,211
aad4d34e9e,0.24676162,0.067538655394,231
47a14de6ba,0.24664393,0.067506443641,121
df6c43bbf1,0.24652562,0.067474062194,412
4e48788c77,0.24606323,0.067347506051,211
e0aadf9a81,0.24575451,0.067263009387,231
5c0da2794f,0.24556547,0.067211269139,421
0e3b5a03de,0.24523896,0.067121903352,431
98ad030aa0,0.24486518,0.067019599766,311
6e4fa67567,0.24385408,0.066742861696,244
58c1dcabbe,0.24334314,0.06660301741800001,424
b58c09b104,0.24308462,0.066532260494,153
0f7e312dc9,0.2417624,0.06617036888,153
e85acb1ede,0.24173728,0.066163493536,511
7a2b097beb,0.24150795,0.066100725915,513
c1598dcaf8,0.24100512,0.06596310134399999,413
ae4fc4b5e6,0.24052212,0.065830904244,153
440356d8a1,0.24042432,0.065804136384,224
00fb261ae3,0.24039477,0.06579604854900001,443
39fa0b64d2,0.24035636,0.065785535732,121
fb45832c6d,0.24014732,0.065728321484,111
3f8e25c9d3,0.24010971,0.065718027627,211
1801c0b71f,0.24005216,0.06570227619199999,341
bf8b5ab0a9,0.23992535,0.065667568295,111
898b3ba015,0.23902309,0.065420619733,411
3dcd11614e,0.23875988,0.06534857915600001,351
31c97e7bed,0.23866075,0.065321447275,541
1c6765460a,0.23846835,0.065268787395,152
1615fc7d3a,0.2378478,0.06509894286,511
55e72415f1,0.23762402,0.065037694274,211
db3454b53a,0.2373937,0.06497465569000001,412
798ef1fbf8,0.23677027,0.064804022899,221
988c97257e,0.2366777,0.06477868649,111
f0c1ca332f,0.23634237,0.064686906669,332
6cdbf0cf17,0.23627669,0.064668930053,424
cf629311de,0.23617788,0.064641885756,111
1025e67d82,0.2354486,0.06444228182,224
d5eaf78db1,0.23539922,0.064428766514,121
f8f51306cb,0.23513219,0.06435568040299999,121
a4c797c7ef,0.23511827,0.064351870499,514
66e019bda2,0.23503488,0.064329046656,413
1bf54ba60e,0.23486498,0.064282545026,214
4326738ee3,0.23477146,0.064256948602,421
dee5435971,0.23447302,0.064175265574,414
7199674d8a,0.23387015,0.064010260055,341
4ad0188b77,0.23386098,0.064007750226,111
962355d877,0.23364958,0.063949890046,121
8a28c0812b,0.23340902,0.063884048774,312
de5d0f2534,0.23336524,0.063872066188,521
115c44848a,0.2331059,0.06380108483000001,451
a8bad80b51,0.2330389,0.06378274693,143
dea36694c5,0.23293976,0.063755612312,235
0c79a6e793,0.23263317,0.063671698629,521
e63707394f,0.23215729,0.063541450273,441
94068a52f6,0.23205799,0.063514271863,121
4a1f9d73c3,0.23185104,0.063457629648,245
97a523b48f,0.23165327,0.063403499999,143
23ec22cf49,0.23161429,0.063392831173,311
4eb2c5346a,0.23145708,0.063349802796,111
45889195d9,0.23116744,0.063270528328,345
3f4d343c47,0.23099723,0.063223941851,411
8cb3dbcbbd,0.2308856,0.06319338872,211
7bb1a30428,0.23085439,0.063184846543,221
78169cd611,0.23081174,0.063173173238,121
7120fabdd1,0.23047096,0.063079901752,155
a0e59f9248,0.23027232,0.063025533984,153
f338e4f07e,0.23025417,0.06302056632900001,211
061eea23b0,0.2300407,0.06296213959,211
50f29b9f76,0.22983184,0.062904974608,233
4471157b44,0.22970316,0.062869754892,321
cc432aa01d,0.22954607,0.06282675935899999,423
f9c87baa61,0.22932804,0.06276708454800001,421
a9859d1fb6,0.22921175,0.062735255975,411
95a6fda216,0.22912812,0.062712366444,354
14142e70a8,0.22909439,0.062703134543,541
f17db0aef1,0.22904718,0.062690213166,211
9eebf8e672,0.22880876,0.062624957612,411
677cd223b0,0.2287919,0.06262034303,211
0535564838,0.22850159,0.062540885183,111
6b273ac78d,0.22845572,0.062528330564,541
d7843e6f07,0.22832236,0.062491829932000004,131
92a12935cc,0.2282381,0.06246876797,511
ad1fd29c2c,0.22788703,0.062372680110999994,155
c4fe346647,0.22768432,0.062317198383999996,154
a672bcb31b,0.22765255,0.062308502935,414
f1d795e3e2,0.22734386,0.062224014482000004,412
d52010ca8f,0.2265352,0.062002684239999994,411
9e7a3e57cc,0.22650635,0.061994787995,324
3518cc3b20,0.22620854,0.061913277398000004,143
7e9da00d39,0.22508207,0.061604962559,411
eb7881a604,0.22471738,0.061505146906,511
7dabbb3466,0.22414118,0.061347440966,412
a227a74d9f,0.22412252,0.061342333724,111
70b4066235,0.22402075,0.061314479275,231
13b4c21f51,0.22313222,0.061071288614,124
63ca4e8b3c,0.22293676,0.061017791212,154
23b4f115d8,0.22292602,0.061014851674000004,145
0833978e05,0.22235273,0.060857942201,324
0d8c8bfa8b,0.22210062,0.060788939693999997,211
02167977e1,0.22209781,0.060788170597,154
061668d3ad,0.22189882,0.060733707034,531
4bf1d46c31,0.22158042,0.060646560954,321
99ab45daa6,0.22145528,0.060612310136,345
876fb76b30,0.22106946,0.060506711202,441
3447bd4f03,0.22095037,0.060474116269000004,111
aaefaba5e1,0.22073352,0.060414764424,453
d0886c527f,0.22043473,0.060332985601,533
ae4033bd4a,0.22015077,0.060255265748999996,151
6336f6b69a,0.21977507,0.060152436659,111
43521f1a49,0.21942139,0.060055634443,411
b0bf6207fc,0.21928668,0.060018764316000006,121
e4c3363b82,0.21896142,0.059929740653999995,441
7c06894411,0.21889299,0.059911011363000005,211
fe4dd7b9b3,0.21847336,0.059796158632,111
5dbe18bcb2,0.21827838,0.059742792605999996,111
a92cecf149,0.21824291,0.059733084467,411
629f2a133c,0.2181992,0.059721121040000005,525
4261d9905d,0.21798727,0.059663115799,211
0ba7383295,0.21769857,0.059584098609000005,555
3c369c77db,0.21769837,0.059584043869,111
a13fb3eb41,0.21745056,0.059516218271999995,335
60390dad7d,0.21734756,0.059488027171999996,211
fa0b07b2fd,0.21679476,0.059336725812,211
17774c2590,0.21652652,0.059263308524,211
b55b9662f0,0.21638727,0.059225195799,111
f96c788e3f,0.21623623,0.059183856151,335
a921d2315a,0.21612495,0.059153398815,542
647dd4e306,0.21610567,0.059148121879,221
8fd1cf70df,0.21607469,0.059139642653,112
3c27adc6a4,0.21569884,0.059036772508,311
3885e83776,0.21555337,0.058996957369,325
3be4afa54c,0.2154969,0.058981501529999994,411
a7d5f30c4b,0.21548209,0.05897744803299999,434
bffb8390a8,0.21546751,0.058973457487,321
147fbfb084,0.21522966,0.05890835794199999,114
6f3efbea0b,0.21510652,0.058874654524,121
4ea19c44be,0.21474448,0.058775564175999995,211
8b5139b28f,0.2144252,0.05868817724,441
37c2f99ebe,0.21429929,0.058653715673,121
5f4413a016,0.2140711,0.05859126007,315
e31b61aac7,0.21402997,0.058580002789,533
0c2a2dd77e,0.21360213,0.058462902981,111
2ad2936e42,0.21348122,0.058429809914,511
af021feabc,0.21328631,0.058376463047000005,411
67366a7e4a,0.21318826,0.058349626762,211
62555856b7,0.21282905,0.058251310985,111
4f8e44af86,0.21224278,0.058090848885999996,424
66617daa70,0.21195725,0.058012699325,211
c9c3bbb3b2,0.21186787,0.057988236019,111
e17eaac75a,0.21170273,0.057943037201000004,334
d331a07a07,0.21166186,0.057931851082000003,153
9b4722cbf5,0.2116332,0.05792400684,414
d0bdd410d4,0.21159637,0.057913926469,413
f70519f72d,0.21126243,0.057822527091,153
ff3bccca77,0.21103501,0.057760282237,111
dbfd5cf215,0.21102038,0.057756278006,214
fdcefaea4b,0.21100637,0.057752443469,421
844c19e0d5,0.21095002,0.057737020474,334
dcece4546c,0.21082902,0.057703902774000004,421
d50d699a00,0.21069968,0.057668502416,153
d3b6925a23,0.21006233,0.057494059720999996,211
e63e1930ec,0.20998469,0.057472809653,223
ca9e56e44b,0.20944619,0.057325422203,211
a8965cfe90,0.2093615,0.05730224255,544
38dc7b3ffa,0.2091715,0.057250239550000005,411
92319fe514,0.20916468,0.057248372916,155
5019d5af67,0.20901167,0.057206494079000005,153
e17af44735,0.2089119,0.05717918703,143
4a685327e7,0.20883256,0.057157471672,121
85258b5e3c,0.20880109,0.057148858333,421
ba3ba9457a,0.208797,0.0571477389,155
b8d3a08a96,0.20870635,0.057122927995,411
eeb304ac98,0.20869544,0.057119941928000004,413
dfa70904f5,0.20857584,0.057087207408,311
81c5c66cb3,0.20832868,0.057019559716,511
aaa6c34093,0.20764658,0.056832868946,111
b8de6fc053,0.20741272,0.056768861463999995,411
9012adbf42,0.2073918,0.05676313566,451
d0f4e0ea00,0.20728996,0.056735262051999996,233
3405e6a03e,0.20714653,0.056696005261,243
74a3e05199,0.20709258,0.056681239146,151
9fa919bde2,0.20698237,0.056651074669,411
a85c720e68,0.20681891,0.056606335667,311
96704bac34,0.20671093,0.056576781540999994,344
25f66de24f,0.206654,0.0565611998,413
e3824f1567,0.20647652,0.056512623524,111
bb0d0bd314,0.20636639,0.056482480943000006,311
de5114cae2,0.20623824,0.056447406288,153
367c5bb74f,0.20587057,0.056346775009000004,324
4d246e9ecf,0.20584393,0.056339483641,412
d5eda4436b,0.2056787,0.05629426019,255
7888cda7d7,0.20547852,0.056239470924,411
0f491e9388,0.20504475,0.056120748075,334
7770c1bac5,0.20501757,0.056113308909,211
46ea8444ee,0.204899,0.0560808563,111
b31c5f4eb1,0.2048592,0.05606996304,121
c214de36aa,0.20474696,0.056039242952,321
bf8c766719,0.20473552,0.056036111824,221
750ab625aa,0.20446578,0.055962283986000005,121
7ed7522b40,0.20440638,0.055946026206,512
9d960c5487,0.20437443,0.055937281490999996,322
a9fb40ee12,0.2043685,0.05593565845,111
a0dfc02294,0.20398697,0.055831233689,312
c36fdfee81,0.20397767,0.055828688279,131
4bec9892d6,0.20384938,0.055793575306,232
cf724f1b64,0.20382565,0.055787080405,421
fd3dcd34a4,0.20376521,0.055770537977000004,231
4fdac16400,0.20348132,0.055692837284,551
f15a9a0bea,0.2033397,0.05565407589,141
d74690db87,0.2031617,0.05560535729,214
2f565f52d3,0.20302698,0.055568484426,314
e46001ec5b,0.20297022,0.055552949214,211
8f20ae867e,0.20290908,0.055536215196,111
24613d06ce,0.20290628,0.055535448836,211
ca57f5bbdf,0.20285702,0.055521966374,153
206fb26911,0.20264971,0.055465225627,513
d72b496b4b,0.20254177,0.055435682449000004,121
22a1fb0570,0.20237616,0.055390354992,111
c4eb7352ab,0.20219266,0.055340131042,425
46657b0c2e,0.20212248,0.055320922775999995,111
906a0e4498,0.20207036,0.055306657532,221
6ea1eb4540,0.20204109,0.055298646333,421
e32d9a96ca,0.2019574,0.05527574038,411
932170f2de,0.2018682,0.05525132634,321
daa51eaaca,0.20164764,0.055190959068,345
ffc2e674f3,0.20156369,0.055167981952999996,211
28892a31bf,0.20155722,0.055166211114000004,411
7dea1afa8b,0.2014823,0.055145705510000004,221
b6978996a8,0.20145863,0.055139227031,512
0470563bb3,0.2013425,0.05510744225,411
8bb73f4b40,0.20101422,0.055017592014,542
5cbd4765e3,0.20098756,0.055010295172000005,311
172f3ad06d,0.2009381,0.054996757970000004,512
6124c538ef,0.20071988,0.054937031155999995,111
8475cfd439,0.20032573,0.054829152301,411
4d2529bc7f,0.1999208,0.05471832296,421
2129ff241c,0.19983375,0.054694497375,441
fa560648bf,0.1997622,0.05467491414,111
b27cc480a7,0.19975835,0.054673860395,532
1b70f3bc5d,0.19942439,0.054582455543,513
a732bce877,0.19907445,0.054486676964999994,221
18015e2888,0.19902289,0.054472564993,322
c693c11048,0.1988217,0.05441749929,321
d2f3fed9c1,0.1987023,0.05438481951,311
c0a7b72069,0.19858247,0.054352022039000004,323
550b700d97,0.19854683,0.054342267371,511
683de67901,0.19848287,0.054324761519,414
d2746a3cb5,0.19845125,0.054316107125,211
6454fc307b,0.19824143,0.054258679391,211
43339fe8cd,0.19808477,0.054215801549,244
fe765434db,0.19783846,0.054148386502,311
0cf9fce1a4,0.19772756,0.054118033172,111
df205c40fd,0.1976183,0.054088128709999996,553
88a4b98006,0.19749564,0.054054556668,341
0c83ffcac6,0.19746912,0.054047298144,311
290beab5b1,0.19743353,0.054037557161,111
f51a1831d2,0.19741616,0.054032802992,233
9f1fb4cee1,0.19725999,0.053990059263,421
3fb806523a,0.19704759,0.053931925383,335
e9968373fb,0.19701761,0.053923719857,551
03ae549156,0.19695589,0.053906827093,525
84daf1dd76,0.19673142,0.053845389654,121
a1ffbb6fb5,0.1966672,0.05382781263999999,135
fe6e51ce86,0.19665898,0.053825562826000005,214
4081c47510,0.19650424,0.053783210488,411
03937a88b5,0.19649267,0.053780043779,314
9be8f23543,0.19615111,0.053686558807,221
ca51f289bf,0.1961335,0.053681738949999995,211
1dfb1b01a4,0.1956951,0.05356174887,512
bc2d426e8a,0.19544876,0.053494325612,511
2fa6ace358,0.19543703,0.053491115111,111
baec44b952,0.19542119,0.053486779703,154
1bf2722398,0.19540912,0.053483476143999995,511
79202344fc,0.19530329,0.053454510473,141
91fcbb012b,0.19519508,0.053424893396,341
03d9305746,0.19519281,0.053424272097,414
d641c63757,0.19506937,0.053390486569,321
cd99bd7b76,0.19502473,0.053378268601,341
bda6d62fa7,0.19483471,0.053326260127,511
7e6b04a40a,0.19478124,0.053311625388,111
8e26225805,0.19446546,0.053225196402,421
95ee8f2d05,0.19437373,0.053200089900999996,354
11ac096cf6,0.19429153,0.053177591760999995,541
70d19aeae9,0.19418943,0.053149646991,111
fede1be273,0.1941725,0.05314501325,423
a951184965,0.19408925,0.053122227725,211
dc0d5ad37d,0.19402155,0.053103698234999996,411
978c8e8d4a,0.19389401,0.053068790537000005,212
e6ff462b50,0.19387814,0.053064446918000004,311
35be6b8333,0.19382262,0.053049251094,111
762425156d,0.19360179,0.052988809923,121
16ea8dc9f5,0.19356495,0.052978726815,542
1dd35fe809,0.19353718,0.052971126166,153
892b6c0e2f,0.19353616,0.052970846992000005,111
31862d14d3,0.19315886,0.05286757998199999,211
b1e8362f13,0.19308645,0.052847761364999996,321
9f2e68db56,0.19296825,0.052815410025,344
a3f543ba60,0.19278643,0.052765645891,211
189b562c1d,0.19275531,0.052757128347000005,323
ed32df3481,0.19272283,0.052748238571,412
d03be0e588,0.19270733,0.052743996221000004,511
1bf148b12b,0.19265203,0.052728860611,211
8c626b741f,0.19253957,0.052698080309,411
25f966184b,0.19240287,0.052660665519,211
f612a59f78,0.1923927,0.05265788199,311
e50401c628,0.1923567,0.052648028789999995,312
7dc53b47f6,0.19233724,0.052642702587999995,143
c5fbd5b614,0.19233066,0.052640901642,134
6a711e357c,0.19226971,0.052624219627,111
bec2fc342a,0.19210875,0.052580164875,234
789b20e456,0.1920447,0.05256263439,223
6729c40921,0.19198349,0.052545881213,222
d35e5c30b6,0.19179258,0.052493629146,111
4b8b0cd656,0.19175881,0.052484386297,321
fc75a592cb,0.19149265,0.052411538305,153
5394a4e05b,0.19125253,0.052345817461,324
3ebf583359,0.19120863,0.052333802031,325
591f4c3166,0.19108313,0.052299452680999996,524
37a81e0c0f,0.19099748,0.052276010276,322
b6afb67d59,0.19099313,0.052274819681,311
caf544a195,0.19098043,0.052271343691,543
040383845a,0.1908321,0.05223074577,111
980b90c9aa,0.19078651,0.052218267787,335
e5b0a314fb,0.19077063,0.052213921430999996,511
1d44729db3,0.19068971,0.052191773627000004,121
bfdc2815de,0.19051251,0.052143273987,411
44ececbd63,0.19047195,0.052132172715,145
d841e7cc65,0.19011796,0.052035285652,321
24a390ad93,0.19008443,0.052026108491,153
6e38a6fb45,0.19000751,0.052005055487,422
9ccc7620f5,0.18993694,0.051985740477999996,311
d3a6388447,0.18992108,0.051981399596,211
81848f617e,0.18991238,0.051979018406,423
6e4fc7edf7,0.18987861,0.051969775557,511
aacd33c245,0.18968377,0.051916447849,411
372bf68ac6,0.18967688,0.051914562056,311
90df6e3f6d,0.18966663,0.051911756631,221
e0ef50495d,0.18957365,0.051886308005,225
fa7881bc07,0.1894821,0.05186125077,335
671021b0b9,0.18947819,0.051860180602999996,111
c3cc1ddba8,0.18941388,0.051842578956,411
a9747e8dd0,0.18941157,0.051841946709,111
7873ecb1ea,0.18940336,0.051839699632,125
f0a63bb48c,0.18930244,0.051812077828,134
9bbd838b86,0.18925333,0.051798636421,344
2d603f73f0,0.18912274,0.051762893938,252
afe41041b7,0.18899229,0.051727189773000004,111
e157b1cab1,0.18888956,0.051699072572,222
373ccf8aff,0.18880644,0.051676322627999996,311
77b97db1bd,0.18872473,0.051653958601,221
efe3ebb6a5,0.1884247,0.05157184039,111
9ed74711fd,0.1884175,0.05156986975,333
1554f61206,0.18839884,0.051564762508,211
af75e305e7,0.18820417,0.051511481329,221
b3104c4f78,0.18788475,0.051424056074999995,421
7fa655b515,0.18786344,0.051418223528,221
3462a89477,0.1878154,0.05140507498,144
eadbfc5838,0.187784,0.0513964808,211
859c70222d,0.18770924,0.051376018988,434
cffe800931,0.18764406,0.051358179222,412
fa6784280d,0.18741274,0.051294866938,211
3d2106ee8c,0.18729916,0.051263780092,111
1f6d4e2b9b,0.18725383,0.051251373271,111
50e840319a,0.18720216,0.051237231192,134
d3e767e6d3,0.1870969,0.05120842153,451
acdc905da3,0.1869762,0.051175385940000005,234
bcd263c344,0.18694884,0.051167897508,225
86f8c40fc2,0.18691319,0.051158140103,152
d1f2509ed0,0.18683797,0.051137552388999995,321
a1e207340e,0.1867905,0.05112455985,231
82440fb40c,0.1866402,0.05108342274,441
bfdb13775b,0.18663818,0.051082869866,142
a9c77b1359,0.1866351,0.05108202687,221
bd44e5b6e3,0.18661836,0.051077445132,244
1bbe3218e4,0.1865125,0.05104847125,413
c65b879b34,0.18646336,0.051035021632,211
33b3d7a3f7,0.18645059,0.051031526483,111
755f302ce3,0.18635255,0.051004692935,221
cdeb278523,0.1863406,0.051001422219999995,231
b960216114,0.1859175,0.05088561975000001,235
23ae8cf557,0.18581522,0.050857625714,311
e62e3bca1f,0.18580255,0.050854157935000005,114
78ff89aebd,0.18575233,0.050840412721,512
195e26109c,0.18550223,0.050771960351,411
ee8311140e,0.18527216,0.050708990191999995,512
e427ec5086,0.1852619,0.050706182030000005,111
2895959e08,0.18522426,0.050695879962,224
34a1b85bce,0.18521991,0.050694689366999994,144
02d9a1eef3,0.18521573,0.050693545300999995,211
656116841a,0.18520772,0.050691352964,214
b2c6173ec3,0.18515012,0.050675587844,425
302f4105ae,0.18514046,0.050672943902,324
b4f3c505b9,0.18509033,0.050659223321,115
1ebf3f9df5,0.1850028,0.05063526636,445
156303194d,0.1849739,0.05062735643,214
0d19116e1e,0.18485135,0.050593814495,341
95a4c19a4a,0.18483227,0.050588592299,511
7bcc332538,0.18482116,0.050585551492,221
a2385c5bc8,0.18481797,0.050584678389,153
e16ac1c78c,0.1846402,0.05053602274,133
04f11d9be8,0.18446535,0.050488166295,512
7096d881a8,0.18439817,0.050469779129,243
528613de95,0.18431607,0.050447308359,311
fe7eb3e879,0.18420887,0.050417967719,545
639717fd1a,0.1841605,0.050404728850000004,421
2537af79aa,0.18411228,0.050391531036,225
a0a763f688,0.18410864,0.050390534768,214
54b88d9051,0.18406379,0.050378259323,211
294377dc09,0.18402943,0.050368854990999995,223
8deb5f5314,0.18400915,0.050363304355,211
b924506012,0.18377548,0.050299348875999995,155
c1d6a63859,0.18372121,0.050284495176999996,232
ebaad5e28b,0.18355244,0.050238302828,531
f3b2cda823,0.18349409,0.050222332433,421
0de8263b54,0.18344188,0.050208042556,222
16239cfc83,0.18342692,0.050203948004,235
4b6176223a,0.18342215,0.050202642455,321
c10033a896,0.1833821,0.05019168077,221
280ec185ec,0.18327475,0.05016229907499999,311
8b0b6adee1,0.18322194,0.050147844978,451
b46d61d477,0.18317118,0.050133951966,313
23556fa69c,0.18297002,0.050078894474000005,414
35d093df4d,0.18296751,0.050078207487,531
ad49fdbffb,0.1829212,0.050065532440000005,535
b669d73e3e,0.1824356,0.04993262372,251
fcf5d1d0d9,0.18232748,0.049903031275999994,215
4f1ccfd056,0.18218657,0.049864464208999995,335
bcc93c9d0d,0.18214348,0.049852670476,311
10f87c5219,0.18203217,0.049822204929,322
cbfb947c45,0.18202522,0.049820302713999995,413
63ef75a388,0.18198797,0.049810107389,321
4c37bd1279,0.1818966,0.04978509942,221
35f8e2cc3f,0.18183762,0.049768956594,511
63c015912f,0.18183622,0.049768573414,413
a9493082dd,0.18182978,0.049766810785999996,211
744e7129c3,0.18169558,0.049730080246,235
2e7ba9b5af,0.18163484,0.049713455707999996,412
02706bb3e4,0.18159437,0.049702379069,511
5415f3b84a,0.18132615,0.049628967254999996,421
771f108b9f,0.18127468,0.049614879916,221
270090b7c4,0.18115836,0.049583043131999995,511
33969d1760,0.1810478,0.049552782860000005,151
ff7e449ebd,0.18103927,0.049550448199,344
bef0364c07,0.18102941,0.049547749517,412
8b29635bdc,0.18097341,0.049532422317,222
44bb4aeb45,0.18075141,0.049471660917,421
dd8e8e67aa,0.18072042,0.049463178954,111
cada60ec42,0.18069476,0.049456155812000004,311
d55957e7ae,0.18066132,0.04944700328399999,122
94bd94bbec,0.18057919,0.049424524303,522
0049690b46,0.1805222,0.04940892614,155
01b05d0419,0.18044373,0.049387448901,511
35f0570aa8,0.18027914,0.049342400618,441
cd7ab4f5f8,0.18023619,0.049330645203,412
c03388d46e,0.18014152,0.049304734024,133
558de0a3ae,0.18012714,0.049300798218,231
36069de796,0.18012089,0.049299087593,121
2c762660ec,0.18010801,0.049295562337000005,322
f7aaf8c04e,0.18004072,0.049277145063999994,154
3ae1127719,0.17995727,0.049254304799000004,111
cbdb151449,0.17994118,0.049249900966,153
7e86751e72,0.17991455,0.049242612335000005,111
38c6781bcc,0.17979157,0.049208952709000005,412
9d6ee9d8ea,0.17961976,0.049161928311999996,211
8c52bec21a,0.1795739,0.04914937643,253
a73c9df847,0.1795353,0.04913881161,111
4f64926475,0.1795299,0.049137333629999995,511
f321347cd5,0.17943826,0.049112251761999993,234
cea5bd3661,0.1792348,0.04905656476,445
67ec2342bb,0.17918473,0.04904286060099999,311
2ea347e9e8,0.17913152,0.049028297023999995,211
ec6aba9610,0.17908809,0.049016410233000005,111
1c109f8d32,0.17903638,0.049002257205999995,525
3a1e27e828,0.17902803,0.048999971811,411
c326283461,0.17902362,0.048998764794,153
1a8363c33b,0.17900541,0.048993780717,211
92fb746dd0,0.17900541,0.048993780717,211
0a7b919e3e,0.17900541,0.048993780717,211
bdc1a5f0c4,0.17900541,0.048993780717,211
23988b7df6,0.17900541,0.048993780717,211
2f254cf5c7,0.17900541,0.048993780717,211
b1570692a4,0.17900541,0.048993780717,211
517ab03951,0.17881715,0.048942253955,424
aac80ecb1f,0.1785639,0.04887293943,511
b1b535b0c8,0.17836353,0.048818098160999995,421
7a4a5a111f,0.17814906,0.048759397722,111
13c72d514f,0.17809746,0.048745274802000006,211
97ea90da0a,0.17803305,0.048727645785,222
5d00abfcbe,0.17799473,0.048717157601,232
4f6411a699,0.17798658,0.048714926946,111
cbfc04370e,0.17787772,0.048685131964,345
24025a84bd,0.17785624,0.048679252888,321
2e905b0610,0.17773205,0.048645262085,221
50f369590b,0.1776852,0.04863243924,225
fd61de16be,0.17764133,0.048620432021,551
13cc3222d3,0.17760575,0.048610693775,214
b3c8c78dab,0.17750964,0.048584388468,143
4b7ad14b76,0.17746672,0.048572641263999995,311
65b7b28dfc,0.17735064,0.048540870168,121
2402127d77,0.17727074,0.048519001538000005,311
30713dcbb5,0.17719579,0.048498487723,255
646f6a513b,0.17718552,0.048495676824,211
e827706455,0.17718405,0.048495274485,344
588d2714f2,0.17717344,0.048492370528,321
d91a9c3ed8,0.17716956,0.048491308572,152
c31a852984,0.17711322,0.048475888313999994,211
4ce23a374b,0.17690992,0.048420245104,541
873037a5cc,0.17680448,0.048391386176,421
ce9a7d24fc,0.1768023,0.04839078951,121
f1ec6ffc88,0.17673048,0.048371132376,334
8629097bca,0.1766929,0.048360846730000004,423
caffa3b205,0.1766731,0.04835542747,314
986a910c1a,0.17659304,0.048333515048,121
a295b80e90,0.17654514,0.048320404818,121
e6ed2134d4,0.17639923,0.048280469251,254
a869e6e6ea,0.17638713,0.048277157481,432
4196cc112c,0.17635489,0.048268333393,154
36085c429f,0.17634901,0.048266724037,224
d995415bcd,0.17634666,0.04826608084199999,121
3c761b42a7,0.17634329,0.048265158473,221
daaffa3dbc,0.17619875,0.048225597875,521
611ee24714,0.17617321,0.048218607577,543
a95890aedc,0.17615992,0.048214970104,411
779ebe9c73,0.17614046,0.048209643902,122
d064383c0c,0.17608732,0.048195099484,143
498c9b5d9e,0.17596394,0.048161330378,233
